NR,Rolle,Firma,Typ,Aussage,Cluster,Beschreibung,,,,,,,,,,,,
12,Chief Operations Officer,Handelsunternehmen,Externe Firma,"ob man jetzt mit Daten schafft, ob man mit Robotik, Automatisierung arbeitet, diese Veränderung hin zu der digitalen Welt oder zu den 
digitalen Möglichkeiten ist eigentlich keine technische oder die technischen Herausforderungen sind oft schon gelöst, sondern es ist 
eigentlich eine kulturelle Herausforderung. Also man muss das Bewusstsein schaffen für den Nutzen, für die neuen Rollen, 
die entstehen und das ist unterschiedlich. Oder man hat Nerds und Geeks in den untersten Reihen und man hat solche, 
die das wirklich verstehen im Management oder auch im Gegenteil. -> Risiko bei Implementierung -> Faktor Mensch denkt zu kurzfristig",Implementierung,kulturelle Herausforderung,,,,,,,,,,,,
12,Chief Operations Officer,Handelsunternehmen,Externe Firma,"sondern man muss tiefer gehen, man muss den Leuten beibringen, was sind Grundvoraussetzungen, was sind Funktionsweisen, 
was sind Limitationen und aus dieser Erkenntnis heraus kommt dann auch die Erkenntnis, wie man eben strategisch an diesen 
Themen arbeiten muss -> Damit Implementierung funktionieren kann, bedarf es einem GRUNDSÄTZLICHEN Verständnis des Nutzens etc.",Implementierung,"Fehlendes Verständnis bzgl. 
Nutzen und Möglichketen",,,,,,,,,,,,
12,Chief Operations Officer,Handelsunternehmen,Externe Firma,"Grundsätzlich sieht TG die Cost of Doing Nothing, sieht aber auch, dass technische Evolution in der Zukunft es ermöglichen, dieser ""verspielte""
Chance wieder aufzuholen. Das Hauptrisiko bei nicht Implementierung ist, nicht dass man dies in der Zukunft nicht aufholen könnte, sondern 
dass einem einfach die Zeit fehlen wird.",Missing Out,Zeitverlust,Cost of doing nothing ist realistisch,,,,,,,,,,,
12,Chief Operations Officer,Handelsunternehmen,Externe Firma,"Risiko beim nichts tun, man ist nicht Teil der ""Erkenntnisreise"" man lernt also im Prozess nicht aktiv mit, was zu weiteren (leider nicht genannten) Problemen führen könnte",Missing Out,Verpasste Lernopportunität,,,,,,,,,,,,
12,Chief Operations Officer,Handelsunternehmen,Externe Firma,Risiko bei der Implementierung -> Demoralisierung durch fehldene Visibilität des Fortschschrittes-> Darum benötigt es Quick-Wins ,Implementierung,"Demoralisierung da Fort-
schritt nicht ersichtlich ist",,,,,,,,,,,,
12,Chief Operations Officer,Handelsunternehmen,Externe Firma,Fehler bei der Implementierung durch fehlendes Know-How -> bspw. Sensitive Daten in ChatGPT,Implementierung,Fehlendes Know-How,,,,,,,,,,,,
2,IT Projektleiter,Detailhandel,Externe Firma,"Wenn nicht implementiert -> Risiko (wie bei Migros), dass zwei Genossenschaften die gleichen Daten einkaufen und man so doppelt bezahlt
da ohne konkretes EDC die Systeme zu fragmentiert sind und zu sehr isoliert sind",Missing Out,Cost of doing nothing ist realistisch,Höhere Kosten,,,,,,,,,,,
2,IT Projektleiter,Detailhandel,Externe Firma,"Wenn nicht implementiert -> Auswertungen zu Hidden-Costs of Data-Quality, die in die Bereiche 10-15% vom Umsatz gehen. 
Da gibt es entsprechende Studien dazu.",Missing Out,Höhere Kosten,,,,,,,,,,,,
2,IT Projektleiter,Detailhandel,Externe Firma,"Risiko Implementierung -> hohe Kosten, Kosten werden tendenziell unterschätzt",Implementierung,Fehleinschätzung von Kosten,,,,,,,,,,,,
2,IT Projektleiter,Detailhandel,Externe Firma,"Risiko Implementierung -> Falsche C-Suite Wahrnehmung -> Die versuchen das auch irgendwie auf die Agenda zu kriegen, weil sie 
einfach merken, es wird als IT-Projekt wahrgenommen und kein Business-Projekt und bei uns ist es wirklich als Business-Projekt 
wahrgenommen. Das ist ein Riesenvorteil.",Implementierung,"Fehlendes Verständnis bzgl. 
Nutzen und Möglichketen",,,,,,,,,,,,
2,IT Projektleiter,Detailhandel,Externe Firma,"Risiko Implementierung -> Bezug verlieren alles wird nur for the sake of it gemacht-> Ja, irgendwie Augenmaß behalten. Ich habe jetzt oft gesehen, wenn man, also wenn du anfängst 
Sachen zu dokumentieren, dann irgendwo kann es passieren, dass du dann for the sake of documentation dokumentierst.",Implementierung,"Fehlendes Verständnis bzgl. 
Nutzen und Möglichketen",,,,,,,,,,,,
2,IT Projektleiter,Detailhandel,Externe Firma,"Implementieren -> Balance Aufwand und Ertrag (zu genau dokumentieren, folglich  unverhältnismässigen Aufwand) ->Und da einfach so diese konstante 
Balance zwischen Aufwand und Ertrag. Das ist tricky und da habe ich keine schlaue Lösung, wie man das irgendwie monitoren und managen 
kann. Ich weiss es echt nicht.",Implementierung,Disbalance Aufwand / Ertrag,,,,,,,,,,,,
2,IT Projektleiter,Detailhandel,Externe Firma,"Ja, es ist ein bisschen anders gelagert, da die Gefahr ist, dass man das Datamodell, wenn man es initial aufsetzt,
 zu nah am Quellsystem aufsetzt und nicht auf diesen Abstraktionslayer kommt. Und wirklich die Fähigkeit, wenn 
du das Datamodell aufsetzt, sagen wir, ok, das ist jetzt applikationsspezifisch, nein, wir brauchen ein abstrakter
 Layer, damit wir theoretisch dieses Quellsystem auch mal ersetzen könnten, ohne dass gleich irgendwie uns das
 ganze Datamodell um die Ohren fliegt. Das ist so die Gefahr da drin. Das müssen das Risiko. Weil das Einfachste ist,
 du bekommst das Datenschema des Quellsystems und machst einfach einen JSON-Beschrieb darüber, dann hast 
du quasi die Idee vom Datamodell nicht fertig gedacht, oder?",Implementierung,,,,,,,,,,,,,
13,Experte,Starburst,EDM / EDC Anbieter,Implementierung -> I think the biggest problems are trying to do everything and not having a concrete use case and trying to solve for everything.  And do perfect world scenarios. So you have both unrealistic and loose expectations.,Implementierung,"Überambitionierte Transformation/
Big Bang Ansatz",,,,,,,,,,,,
14,Berater,Globale Beratungsfirma,Beratung,"Implementierung -> Firstly, the speed of progress. We might want to progress at a certain pace, which might not gel with the client. They might
 want to take it slower. But that's where the limited resources come into play. And that's where the ROI also stems from. Because limited resources are limited, you look at spending them wisely and measuring the ROI. So that's where the limited resources come into play.",Implementierung,Limitierte Ressourcen,,,,,,,,,,,,
14,Berater,Globale Beratungsfirma,Beratung,"Implementierung -> So while you're trying to figure out the lineage, the lineage is changing.",Implementierung,Geschwindigkeit der Technologie,,,,,,,,,,,,
14,Berater,Globale Beratungsfirma,Beratung,"Implementierung -> it's about data literacy is definitely one of them. So if you don't have stakeholders who are knowledgeable in the solutions
 that you're posing to them, then of course bringing them up to speed, convincing them will take that much longer. But what we see in clients
 even more often than that is willingness to take ownership of certain pieces of work or data attributes or elements, saying that, okay, 
because data flows from one end of the pipeline to the other, it's a bit ambiguous who owns which piece, so it's not as cut and dry. 
And defining the ownership for that gets tricky. So how do you determine this sort of an ownership? And this, at the end of the day, is not just
 data governance, but also organizational culture. So navigating these intricacies, I think, is one of the most biggest challenges that we see.",Implementierung,kulturelle Herausforderung,,,,,,,,,,,,
14,Berater,Globale Beratungsfirma,Beratung,"Implementierung -> But how we tackle this is that we tackle it in work packages. So instead of coming in and saying
that we'll develop an entire data catalog, business glossary, data dictionary, we'll set up your
entire architecture for you. It'll be a 10 million euro project.
No. What we do is we really take a very narrow scope and say, okay, let's take a credit risk
model. Within the credit risk model, let's take the probability of default component.",Implementierung,"Überambitionierte Transformation/
Big Bang Ansatz",,,,,,,,,,,,
19,Data Product Owner,Globale Bank,Externe Firma,"Implementierung -> In many organiza􀆟ons, there is a common tendency to merge data management
responsibili􀆟es with IT opera􀆟ons, assuming that IT should handle both technology and data. In my view, this is a strategic mistake. Data is not just a technical asset – it is a key enabler for improving business processes and suppor􀆟ng decision-making.",Implementierung,"Fehlendes Verständnis bzgl. 
Nutzen und Möglichketen",,,,,,,,,,,,
19,Data Product Owner,Globale Bank,Externe Firma,"Nicht -> Data inconsistency and misalignment: Without an EDM, different departments o􀅌en
develop their own data defini􀆟ons and structures. This leads to conflic􀆟ng KPIs, redundant
data silos, and poor decision-making.",Missing Out,Cost of doing nothing ist realistisch,Inkonsistente Daten,,,,,,,,,,,
19,Data Product Owner,Globale Bank,Externe Firma,"Nicht -> Limited data transparency: Without a central catalog or documented model, it's difficult to
know where data originates, how it's transformed, and who is responsible for it.",Missing Out,Fehlende/Schlechte Daten-Transparenz,,,,,,,,,,,,
19,Data Product Owner,Globale Bank,Externe Firma,"Nicht -> Increased opera􀆟onal costs: Redundant data handling, rework due to poor understanding,
and inefficient troubleshoo􀆟ng all add hidden costs to day-to-day opera􀆟ons.",Missing Out,Höhere Kosten,,,,,,,,,,,,
19,Data Product Owner,Globale Bank,Externe Firma,"Nicht -> Regulatory and compliance exposure: In highly regulated industries like banking and
finance, failing to demonstrate data lineage and accountability can result in audit findings
or even legal consequences.",Missing Out,Regulatorisch bedingte Aufwände,,,,,,,,,,,,
19,Data Product Owner,Globale Bank,Externe Firma,"Nicht -> Loss of knowledge: Without centralized documentation, critical knowledge remains in
people’s heads – which creates vulnerability when staff leave the organization.",Missing Out,Verpasste Lernopportunität,,,,,,,,,,,,
19,Data Product Owner,Globale Bank,Externe Firma,"Implementierung -> Underes􀆟ma􀆟ng the cultural change: Introducing a common data language and
governance model o􀅌en requires a deep shi􀅌 in mindset, par􀆟cularly in organiza􀆟ons with
strong data silos.",Implementierung,Kulturelle Herausforderung,,,,,,,,,,,,
19,Data Product Owner,Globale Bank,Externe Firma,"Implementierung -> Lack of sponsorship and ownership: Without clear execu􀆟ve support and assigned data
stewards, the models risk becoming shelfware – built but unused.",Implementierung,Limitierte Ressourcen,"Fehlendes Verständnis bzgl. 
Nutzen und Möglichketen",,,,,,,,,,,
19,Data Product Owner,Globale Bank,Externe Firma,"Implementierung -> Over-complexity: Especially with EDM, there is a risk of over-engineering the model,
making it too abstract or disconnected from opera􀆟onal needs.",Implementierung,Disbalance Aufwand / Ertrag,"Fehlendes Verständnis bzgl. 
Nutzen und Möglichketen",,,,,,,,,,,
19,Data Product Owner,Globale Bank,Externe Firma,"Implementierung -> Integra􀆟on complexity: Aligning an EDC with exis􀆟ng tools, metadata repositories, and
workflows can be technically and organiza􀆟onally complex.",Implementierung,Kulturelle Herausforderung,"Kompatibilität mit bestehender
Infrastruktur",,,,,,,,,,,
19,Data Product Owner,Globale Bank,Externe Firma,"Implementierung -> Maintenance overhead: Keeping models and catalogs up to date requires ongoing effort –
it’s not a one-􀆟me project, but a living process.",Implementierung,Geschwindigkeit der Technologie,,,,,,,,,,,,
4,Senior Partner,Globale Beratungsfirma,Beratung,"Nicht -> Aber das ist natürlich immer ein Margin-Risiko. Das ist immer ein Profitability-Risiko. Zum Beispiel jetzt dein Wettbewerber in den USA
 sieht das sehr schön daran, warum Walmart wirklich profitabel ist als andere. Wenn dein Wettbewerber jetzt dort wirklich was verändert und sagt,  ich kann jetzt fresh sehr viel günstiger anbieten oder habe wesentlich weniger Out-of-Stock-Events oder habe wesentlich weniger irgendwelche anderen Probleme, dann kannst du schon Wettbewerbsfaktoren irgendwo einbüßen. Das ist das größte Problem meiner Meinung nach. Die größte Motivation könnte sein, dass man die Profitabilität erhöht.",Missing Out,Cost of doing nothing ist realistisch,Höhere Kosten,,,,,,,,,,,
4,Senior Partner,Globale Beratungsfirma,Beratung,"Impementierung -> Und wo wir eigentlich oft sehen, dass technische Unternehmen so wie Accenture oder IBM oder so, die machen es andersrum. Die sagen, pass mal auf, wir müssen jetzt diese 50.000 Sensoren irgendwie alle in ein riesen Datenmodell integrieren. Das kostet jetzt 30 Millionen Dollar, ist in drei Jahren fertig und in drei Jahren erzählen sie auch nochmal zwei Jahre. Und dann bist du in fünf Jahren, hast du zwar irgendein Ding gebaut, aber du hast halt die alten Daten in einem neuen System und das bringt dir erst mal gar nichts. Das heißt, du hast
dann auch fünf Jahre verloren.",Implementierung,"Überambitionierte Transformation/
Big Bang Ansatz",Disbalance Aufwand / Ertrag,,,,,,,,,,,
4,Senior Partner,Globale Beratungsfirma,Beratung,"Aber irgendwie ist es so ein bisschen auch gesunder Menschenverstand, dass wenn du sagst, unsere Daten müssen besser sein, Dinge funktionieren besser. Das Einzige, was du andersmachst, ist, du packst es in kleinere Parzellen. Du sagst, anstatt jetzt 50  Millionen Dollar einfach zu investieren, sagst du, okay, wir machen erst mal einen Use-Case.",Implementierung,"Überambitionierte Transformation/
Big Bang Ansatz",,,,,,,,,,,,
16,Data Lead,Private Equity,Externe Firma,"Nicht -> So basically, I think that maybe historically it was kind of a trade-off between how much it's going to cost and how much it's going to 
cost if we don't do anything. But at the moment, how much it's going to cost doing it is getting lower and lower. And how much it's going to cost 
not doing it, in my opinion at least, it's getting larger and larger as well.",Missing Out,Cost of doing nothing ist realistisch,Höhere Kosten,,,,,,,,,,,
17,Managing Partner,Globale Beratungsfirma,Beratung,"Implementierung -> Ohne Plan -> and what a lot of firms struggle with when it comes to catalogues is they buy a software solution like a Collibra, and it's sort of a standalone tool that nobody really understands. It sort of sits off to one side. The data governance team or five or six users in the organisation may understand it, but it's not being actively used to drive anything",Implementierung,"Fehlendes Verständnis bzgl. 
Nutzen und Möglichketen",Fehlendes Know-How,,,,,,,,,,,
17,Managing Partner,Globale Beratungsfirma,Beratung,Implementierung -> zu overwhelming,Implementierung,,,,,,,,,,,,,
17,Managing Partner,Globale Beratungsfirma,Beratung,"Nicht -> I would say the cost of doing nothing is very difficult to standardise anything in terms of information. So you're going to firstly not have a good understanding of where your risks are as an organisation. Certainly, you're going to have a lot of inconsistency in your data.",Missing Out,Cost of doing nothing ist realistisch,Inkonsistente Daten,,,,,,,,,,,
18,Data Lead,Globale Beratungsfirma,Beratung,"Imlementierung -> Also die grösste Frage bei der Tool-Implementierung ist, ist es überhaupt nötig? Ist es überhaupt gewohnt und wird es cüberhaupt gebraucht? -> Biases -> hier ist der Dialog wichtig",Implementierung,Kulturelle Herausforderung,Fehlendes Know-How,,,,,,,,,,,
18,Data Lead,Globale Beratungsfirma,Beratung,"Implementierung -> Weil das Tool-Implementieren ist das Einfachste. Das kann man der IT geben, die installieren das in ein paar Wochen und 
dann läuft das. Aber das Ding zum Fliegen bringen, das ist das Schwierige. Das braucht User Adoption, das braucht Communication, 
das braucht Trainings.",Implementierung,Kulturelle Herausforderung,,,,,,,,,,,,
18,Data Lead,Globale Beratungsfirma,Beratung,Implementierung -> Risiken sehr Unternehmensstruktur abhängig,Implementierung,Im Text aufgreifen,,,,,,,,,,,,
20,CEO,Beratungsfirma,Beratung,"Implementierung -> Dauert generell, auch bei Collibra, sehr lange",Implementierung,"Demoralisierung da Fort-
schritt nicht ersichtlich ist",Limitierte Ressourcen,,,,,,,,,,,
20,CEO,Beratungsfirma,Beratung,Implementierung -> muss oftmals schrittweise und spezifisch passieren -> Fehleranfällig,Implementierung,"Demoralisierung da Fort-
schritt nicht ersichtlich ist",,,,,,,,,,,,
20,CEO,Beratungsfirma,Beratung,"Implementierung -> unvollständige Basis -> Aber wenn du wie vermutlich die meisten Firmen nichts gemacht hast, dann bin ich nicht sicher, 
ob es richtig ist, wenn du mit einem Datenkatalogprojekt anfängst, anzustellen von einem MDM-Projekt, wo der Nutzen auch gesehen ist. Weil 
das Problem ist, wenn du ein Projekt hast, welches eine Million oder mehrere Millionen kostet, und du kannst nur zeigen, der Owner dieser 
Adressdaten ist der XY.",Implementierung,Disbalance Aufwand / Ertrag,Fehlende Basis,,,,,,,,,,,
20,CEO,Beratungsfirma,Beratung,"Start small, think big. Denke ich immer. Also, ich finde es halt, so ein grosses Projekt mit
einem extrem langfristigen Ziel anzugehen, ist meistens viel, viel schwieriger, als wenn man
mit einem kleinen Teilbereich anfängt. --> Best Practice 
Und vor allem den auch intern nutzen kannst, um dafür Werbung zu machen und das
auszubauen. Da bist du meiner Meinung nach effizienter, als wenn du sagst, wir fangen jetzt
an zu arbeiten und übernächstes Jahr zeigen wir euch ein Datenkatalog. Da denkt jeder, und
was habe ich davon, was bringt mir das? --> Risiko",Implementierung,"Demoralisierung da Fort-
schritt nicht ersichtlich ist","Überambitionierte Transformation/
Big Bang Ansatz","Fehlendes Verständnis bzgl. 
Nutzen und Möglichketen",,,,,,,,,,
25,Head of Data DACH,IT Consutling,Beratung,"Risiken wenn kein EDM oder EDC -> Dann geht es um mehr Technologie-Seite und die Sachen, die einfach gehen können. Aber was passiert, wenn diese Leute weg sind? Das ist das Risiko, diese Know-how und Spots., -> mit den Mitarbeitern geht das knowhow und die Erfahrung",Missing Out,Cost of doing nothing ist realistisch,Mitarbeiter (inkl. Know-how) wandern ab,,,,,,,,,,,
21,Senior Datra Product Manger,Agrarindustrie,Externe Firma,"Implementierung -> Ja, also die größte Herausforderung ist, das Management zu überzeugen, dass das wichtig ist. Und das dauert meiner 
Meinung nach sehr lange. Wenn die Entscheidung getroffen ist, dass das gebraucht wird und dass das wichtig ist, dann geht es relativ schnell.",Implementierung,"Fehlendes Verständnis bzgl. 
Nutzen und Möglichketen",Kulturelle Herausforderung,,,,,,,,,,,
21,Senior Datra Product Manger,Agrarindustrie,Externe Firma,"Nicht -> Ansonsten, wenn es in Bezug auf Telemetrie beispielsweise, oder da ist es natürlich so, dass einfach der Wettbewerbsvorteil, wir 
müssen uns mit diesen Themen beschäftigen, weil andere tun es auch. Und da werden Themen kommen, perspektivisch, und wenn wir 
uns damit nicht beschäftigen, dann werden wir künftig, das ist natürlich schwer zu quantifizieren, aber da kann man, versuche ich dann 
immer, Referenz, sage ich mal, zu anderen Branchen heranzuziehen, wie bei uns in dem Fall Automobil oder Ähnliches, um aufzuzeigen,
 hey, das ist, was die schon machen, ja, warum machen wir das nicht? Und ich bin mir sicher, dass da auch bei anderen Konzernen Leute 
drüber nachdenken.",Missing Out,Cost of doing nothing ist realistisch,/,,,,,,,,,,,
5,Data & AI Experte,Beratungsfirma,Beratung,"Implementierung -> Fehlende Data Maturity (quasi noch gar nicht ready für eine Implementierung) -> demoralisiert die Mitarbeiter, Geld wird 
verbrannt",Implementierung,"Demoralisierung da Fort-
schritt nicht ersichtlich ist",Fehlende Basis,Disbalance Aufwand / Ertrag,,,,,,,,,,
5,Data & AI Experte,Beratungsfirma,Beratung,"Implementierung -> Versandung von EDM und EDC initiativen -> Weil es keine klare Definition von Business Value gibt, es keine klare Definition
 und ein klares Alignment gibt, dass das eigentlich ein Kulturthema ist, wo HR oder People Team integriert sein muss, weil man das über die 
ganze Firma ausbreiten muss.",Implementierung,"Fehlendes Verständnis bzgl. 
Nutzen und Möglichketen",Kulturelle Herausforderung,,,,,,,,,,,
5,Data & AI Experte,Beratungsfirma,Beratung,"Implementierung -> Das Klassische ist, was mittlerweile hoffentlich viele Firmen kapiert haben, den CEO vor die Firma zu stellen und zu sagen, 
jetzt machen wir eine Data Governance-Initiative und noch niemand hat davon gehört, wird fehlen, weil alle Mitarbeiter in den Widerstand gehen. 
Man muss mit verschiedenen Arbeitsgruppen erstmal alle abholen, alle an Bord holen, dann kann man es global announcen, damit es auch 
wirklich jeder mitbekommt. Aber dann muss es schon die verschiedenen Champions in allen Bereichen geben.",Implementierung,"Fehlendes Verständnis bzgl. 
Nutzen und Möglichketen",Kulturelle Herausforderung,,,,,,,,,,,
22,Chief Data Officer,Bank,Externe Firma,"Nicht -> because if you don't have EDC, you cannot do data quality.",Missing Out,Cost of doing nothing ist realistisch,Inkonsistente Daten,,,,,,,,,,,
22,Chief Data Officer,Bank,Externe Firma,"Implementierung -> Well, mainly, we have all our IT infrastructure is outsourced in Avalok. So our challenge were mainly depending by our vendor, not by Collibra. Maybe the challenge is that if you want customizing something, you need to write a lot of code,",Implementierung,/,,,,,,,,,,,,
22,Chief Data Officer,Bank,Externe Firma,"Implementierung -> For example, for a workflow designer, it's not user-friendly, the interface to create a new workflow or customize a workflow. You need to write code, script. And so you always need to ask Collibra and scheduling a coaching session. And so we depend.",Implementierung,,,,,,,,,,,,,
6,Data Manager,Versicherungsfirma,Externe Firma,"Implementierung -> zu komplex, Leute könnten theoretisch abspringen",Implementierung,Kulturelle Herausforderung,Fehlendes Know-How,"Überambitionierte Transformation/
Big Bang Ansatz",,,,,,,,,,
6,Data Manager,Versicherungsfirma,Externe Firma,"Implementierung -> Schwierigkeit aus der IT heraus -> Das Ding ist, das macht es nicht einfach, weil ich bin aktuell in der IT der XXX. 
Die IT ist die IT und deswegen ist es auch durchaus so ein Punkt, dass man sich als ITler letztendlich in der Organisation auch durchboxen muss, dass man halt, weil man ja plötzlich fachliche Fragestellungen hat, weil wir sprechen ja viel über fachliche Datenmodelle als über technische Datenmodelle.",Implementierung,Kulturelle Herausforderung,,,,,,,,,,,,
6,Data Manager,Versicherungsfirma,Externe Firma,"Implementierung -> muss intern sensibilisieren > Das hat keine Umgaben, wirklich gar nicht. Insofern der weitere Verlauf, viel Marketing, 
viel irgendwie Lehrveranstaltungen gemacht. Wie nutze ich das, wie kann mir das helfen in meinen Use Cases und so weiter.",Implementierung,Kulturelle Herausforderung,Fehlendes Know-How,"Fehlendes Verständnis bzgl. 
Nutzen und Möglichketen",,,,,,,,,,
6,Data Manager,Versicherungsfirma,Externe Firma,Implementierung -> Die Adoption ist aber wahnsinnig schwierig. Wahrscheinlich habt ihr das auch überall gehört.,Implementierung,Kulturelle Herausforderung,"Fehlendes Verständnis bzgl. 
Nutzen und Möglichketen",,,,,,,,,,,
6,Data Manager,Versicherungsfirma,Externe Firma,Implementierung -> Skalierung der Use Cases ist schwierig,Implementierung,"Überambitionierte Transformation/
Big Bang Ansatz",,,,,,,,,,,,
6,Data Manager,Versicherungsfirma,Externe Firma,Implementierung -> Die Prozesse sind elend langsam. Wir haben wirklich große Schwierigkeiten hinsichtlich der Transparenz. Die Informationen sind da.,Implementierung,Geschwindigkeit der Technologie,,,,,,,,,,,,
6,Data Manager,Versicherungsfirma,Externe Firma,"Implementierung -> Die Leute haben es ja irgendwann mal konzeptioniert, sie haben es irgendwo mal niedergeschrieben oder so. Aber es liegt
 komplett verteilt über das Unternehmen. Du musst immer die richtigen Leute finden. Du musst immer das Glück haben, dass die Leute, die du findest, auch gerade die Informationen haben und dich die dann nicht noch mal weiterschicken. Letztendlich hast du so krasse Prozessineffizienzen, was dir wirklich die Kosten deiner Use Cases explodieren lässt. Und ich meine, so ein Time-to-Market, wie man so schön sagt, ich starte meinen Use Case und bin dann irgendwann fertig, ist dann plötzlich dreimal so lang.",Implementierung,Fehlende Basis,,,,,,,,,,,,
6,Data Manager,Versicherungsfirma,Externe Firma,"Implementierung -> Weil die Leute einfach diese Vorbereitungszeit, bis die tatsächlich mit einem Modell anfangen können, mit den Dashboards beginnen können, mit dem Pre-Processing oder keine Ahnung was für Daten, das verlängert sich so dermaßen. Und letztendlich ist es für alle Unternehmen, die halt die Ambition haben, datengetrieben zu werden oder KI verstärkt einzusetzen, das ist eine wahnsinnig große Hürde. Ich kann es ja nicht jetzt irgendwie in Euro beziffern, aber es ist halt einfach, wie sagt man beim Thema Datenprodukt, sagen wir, die Anforderung von Daten und Freigab von Daten, teilweise von Wochen zu Stunden.",Implementierung,Geschwindigkeit der Technologie,"Kompatibilität mit bestehender
Infrastruktur",,,,,,,,,,,
24,Head of Data EMEA,Globale Bank,Externe Firma,"Implementierung -> It's a natural resistance, a human natural resistance to new things. Something that we all do. And the first thing is demystifying the tool, debunking the potential challenges.",Implementierung,Kulturelle Herausforderung,"Fehlendes Verständnis bzgl. 
Nutzen und Möglichketen",,,,,,,,,,,
7,Data Architect,Versicherungsfirma,Externe Firma,"Implementierung -> So one of the challenges that we faced or I faced when I was working as an enterprise data modeler is the availability of the information and resources. That's very crucial when it comes to the business know-how or the subject matter expertise. There are very few 
people in the company, or perhaps that was very specific to that organization, but know-how or the subject matter expertise was very limited.",Implementierung,Fehlendes Know-How,,,,,,,,,,,,
7,Data Architect,Versicherungsfirma,Externe Firma,Implementierung -> So time was also very limited in terms of how much they can spend with me to fully create a data model in a proper way that it reflects 100% truth of the organization from the business point of view or from business value chain point of view.,Implementierung,Limitierte Ressourcen,,,,,,,,,,,,
7,Data Architect,Versicherungsfirma,Externe Firma,"Implementierung -> the challenge always is the knowledge is very limited within the organization and their time is also very crucial because not
necessarily they see the value of the activity that we are doing. So they are a bit hesitant to spend more time on such activities and then you 
get limited and because of that your quality of the output also gets limited.",Implementierung,Kulturelle Herausforderung,"Fehlendes Verständnis bzgl. 
Nutzen und Möglichketen",,,,,,,,,,,
7,Data Architect,Versicherungsfirma,Externe Firma,Implementierung -> The approach works so the approach is fine the only question is how patient is business because typically all business sponsors typically they invest their money in such projects right so be it the business function or the executive leadership right and if there is no tangible output on production then they start to feel a bit impatient or hesitant and start losing the trust on the team. So in such scenarios when there are big bank implementation the timely involvement of business is very important and the stakeholder management is very important otherwise it's very easy that they will stop the project six months down the line. So that's one of the one of the risk as well yeah that if nothing is going on production lots of issues happening then they will simply stop the project or the initiative.,Implementierung,"Fehlendes Verständnis bzgl. 
Nutzen und Möglichketen","Demoralisierung da Fort-
schritt nicht ersichtlich ist",Disbalance Aufwand / Ertrag,,,,,,,,,,
7,Data Architect,Versicherungsfirma,Externe Firma,Nicht -> One aspect which you can consider there is or which I consider is that if you want your organization to be a data driven and nowadays AI driven decision making organization it is not possible without enterprise data model or enterprise data catalog. So that's the downside you will never fully utilize the power of AI and machine learning for that matter. So that's that's the trade-off you are looking at you can you can always survive so you will end up paying a lot of fees to the data supplier you will not have syndicated analytics or syndicated analysis of your data that loses your business age or the competitive age in the market because you haven't fully thought of all possible scenarios that could happen because your data is not available to you for decision making. So those are the challenges which leadership team and the executives are worried about rather than just the cost benefit because creating a standard report or a report that you produce for regulators can be done in a way that you are currently doing but there you can optimize and make it fully automatic but the content of that is something which is very important for the business that you cannot fully realize if you do not have a proper data model or be that for that matter even I think simple data model or enterprise data model you will not realize the full value of your data and that's the that's like the opportunity cost at one hand and the other side is unnecessary fees that you are paying which is like multiple fees in terms of the data licenses that you are paying for.,Missing Out,Cost of doing nothing ist realistisch,Höhere Kosten,Risiko vom Wettbwerb verdrängt zu werden,,,,,,,,,,
9,Chief Data Officer,Wirtschaftsprüfung,Beratung,"Implementierung -> Also vielleicht das Wichtigste voraus, EDM, EDC ist keine kurzfristige Kostenersparnis, damit kann ich nicht den Headcount momentan reduzieren, sondern EDM, EDC braucht Zeit, umso grösser das Unternehmen, umso fragmentierter die IT-Infrastruktur, umso mehr Zeit brauche ich dafür, das heisst, wir reden hier wirklich von Jahren, mehrere Jahre, ein Projekt, um das alles aufzubauen, das kostet man zuerst einfach Geld, viel Geld, dort, wo es dann ums Geld geht und um den ROI ist, dann die langfristigen Kostenersparnis, also was kann ich in 5, 6, 7, 8 Jahren dann fragmentieren und dort geht es dann wirklich zentral darum, was habe ich heute für Support-Teams oder wenn ich dann heute sage, ich muss 20 Tools supporten, jedes Tool braucht 20 Personen für den Support, dann ist es gut möglich, dass ich in Zukunft vielleicht nur noch 5 oder 10 Tools habe",Implementierung,"Fehlendes Verständnis bzgl. 
Nutzen und Möglichketen",Disbalance Aufwand / Ertrag,,,,,,,,,,,
9,Chief Data Officer,Wirtschaftsprüfung,Beratung,"Implementierung -> Die sind auch wieder eben vielelei, das, was wir schon gesprochen haben, sind die Kosten, weil das kostet einfach mal zuerst viel Geld, das ist immer so, es sind Großprojekte und meistens ist auch, vor allem beim EDM-Thema, die Challenge, die Entscheidung trifft in der Regel ein Business-User, also jemand, der aus dem Business ist, non-technical person und vor allem den EDM-Case, einen non-technical person zu erklären, das braucht Aufwand, das braucht Education, das braucht auch unheimlich viel Feingefühl, was verstehen die Leute noch und wo ist es zu technisch, weil wenn ich einem Data-Architekten sage, mach mir mal eine Präsentation, warum EDM gut ist, mit dem muss ich nicht zu einem Business-User gehen, der versteht das nicht.Also genau diese Translation hinzukriegen ist unheimlich schwierig.",Implementierung,"Fehlendes Verständnis bzgl. 
Nutzen und Möglichketen",Disbalance Aufwand / Ertrag,Kulturelle Herausforderung,,,,,,,,,,
9,Chief Data Officer,Wirtschaftsprüfung,Beratung,"Implementierung -> Dann kommen wir zu den technischen Sachen, wir haben alte Applikationen, die nicht kompatibel sein werden, wie gehen wir damit um, müssen wir die dann auch umbauen, können wir die separat außerhalb laufen lassen, wollen wir das, wollen wir das nicht, das sind auch riesige Diskussionen",Implementierung,"Kompatibilität mit bestehender
Infrastruktur",,,,,,,,,,,,
9,Chief Data Officer,Wirtschaftsprüfung,Beratung,"Implementierung -> People-Thema ist auch immer relevant, weil, ja, wenn ich das umsetze mit den Leuten, die ich habe, habe ich schon mal die erste Challenge, die checken auch, dass sie damit potenziell ihren eigenen Job abschaffen, hole ich nur neue Leute rein, habe ich Resistance, weil es einfach alles Leute von aussen sind und die haben ja eh keine Ahnung, wenn es dann ein bisschen menschlich wird im Ganzen und auch, was unheimlich schwierig ist, ist auch den Skillset zu finden, um sowas umzusetzen, also vor allem, wenn es um sehr komplexe Unternehmen geht, sehr grosse Unternehmen, regulatorisch getriebene Unternehmen, dann wird es unheimlich kompliziert und wenn es dann noch auf globaler Stufe stattfindet, dann hat man auch irgendwie das Gefühl, 100.000 Leute, die alle ja und dann sagen müssen, das kommt dann noch dazu",Implementierung,Kulturelle Herausforderung,,,,,,,,,,,,
9,Chief Data Officer,Wirtschaftsprüfung,Beratung,"Generell: Also wir haben eben, wir haben das Thema Ressourcenknappheit, Skillknappheit, technische Schwierigkeiten",Implementierung,,,,,,,,,,,,,
9,Chief Data Officer,Wirtschaftsprüfung,Beratung,"Implementierung -> Data Ownership, wir gehören am Schluss die Daten, vor allem in Gesellschaften wie unsere, viele Ländergesellschaften, gehört das jetzt in Ländergesellschaften oder sogar dem einzelnen Partner, auch den Kunden oder gehört es in der globalen Entity, das ist highly disputed und dann auch teilweise noch regulatorenabhängig, also das sind auch riesige Diskussionen, die es zu überwinden gibt",Implementierung,/,,,,,,,,,,,,
9,Chief Data Officer,Wirtschaftsprüfung,Beratung,"Implementierung -> Data Ownership ist halt auch dahingehend immer etwas gefährlich, weil die Leute, die haben dann schon viel Verantwortung, diese einzelnen Data Owners, aber man kann Data Ownership auch auf Gremien verteilen, also je nachdem, was es halt geht.
Klar, für grössere Sachen brauche ich Einzelpersonen, aber das sind ja in der Regel eh Executives, die auch heute schon die Verantwortung tragen und ob die jetzt noch eine Verantwortung mehr haben oder weniger, das ist auch weniger relevant und ich glaube auf Executive Level dann auch nicht so wichtig, was die Lohnverhandlung angeht, weil die haben eh schon unheimlich viel Verantwortung.",Implementierung,Kulturelle Herausforderung,,,,,,,,,,,,
31,Professor,IT Management,Univesität,"Nicht -> Genau, es sind Designschulden, die du aufnimmst, indem du halt eben keine gute Datenqualität hast, Daten halt eben nicht zentralistisch oder zumindest dezentral, aber systematisch gespeichert hast, indem du irgendwo Fehler im Code hast. Also all diese Sachen, wo du Trade-Off-Entscheidungen machst, ich muss jetzt schnell etwas machen, dafür mache ich es nicht ordentlich. Das führt dazu, dass zukünftige Arbeiten jetzt an der Architektur beispielsweise länger dauern, weil du immer mehr dieser Schulden irgendwo versteckt hast. Und am Ende geht dir halt unglaublich viel Potenzial mit AI, Generative AI, Advantage AI und anderen Aspekten verloren, weil du Daten nicht effektiv nutzen kannst. Weil wir wissen ja alle, diese Systeme lernen von den historischen Daten, die man hat. Und wenn die Datenqualität schlecht ist, dann sind auch die Use Cases und die Modelle, die daraus entstehen, schlecht.",Missing Out,Cost of doing nothing ist realistisch,Inkonsistente Daten,,,,,,,,,,,
31,Professor,IT Management,Univesität,"Nicht -> Weiß ich nicht, eine 4, aber ich meine, am Ende ist das, weißt du, das ist Baseline, Architekturgeschäft. Wenn du das nicht hast, kannst du, das ist also eine Necessary Condition. Ohne das geht ganz, ganz viele andere Sachen nicht. Das ist eine Pre-Condition. Für mich muss das jedes Unternehmen machen, das irgendeinen Mehrwert aus Daten ziehen möchte. Spannend, okay.",Missing Out,Inkonsistente Daten,Risiko vom Wettbwerb verdrängt zu werden,,,,,,,,,,,
31,Professor,IT Management,Univesität,"Nicht -> Das ist genau diese technische Schuld, die ich angesprochen habe. Man macht es aus Convenience, weil man Short-Term halt eben da keinen Benefit sieht, weil es halt ein Long-Term Investment ist, das dauert, bis man das aufgebaut hat. Aber am Ende des Tages gehe ich halt in der Spirale immer weiter nach unten und irgendwann bin ich abgehängt. Also so entsteht dann ein Innovators-Dilemma, weißt du, indem man anfängt, die notwendigen Infrastruktur-Investments und als das sehe ich das, nicht zu tätigen. Ich glaube, man muss den strategischen Wert dahinter verstehen für eine Firma. Und es ist schwierig zu transportieren und all diese Issues, die hast du mit jedem Projekt, das sind typische Change-Management-Issues.",Missing Out,Risiko vom Wettbwerb verdrängt zu werden,,,,,,,,,,,,
31,Professor,IT Management,Univesität,"Implementierung -> Ideologie reicht nicht, benötigt incentives",Implementierung,Kulturelle Herausforderung,,,,,,,,,,,,
31,Professor,IT Management,Univesität,"Implementierung -> Ich glaube, wenn es schlecht gemacht ist, führt es zu Frustration. Das sind genau diese Sachen, die alles auf einmal machen wollen. Habe ich jetzt auch schon oft gesehen in Unternehmen, die sich in Spezifikationen verhakeln. Also die sagen, wir müssen jetzt den Data Catalog erstmal schreiben und der muss perfekt sein. It's gonna happen. Also das ist so typisch, sag ich mal, mitteleuropäisches Phänomen. Amerikaner machen das viel pragmatischer. Da gibt es das Motto, there's nothing duct tape can't fix. Also das heißt, die machen mal, die prototypisieren und die testen. Ich glaube, das ist für mich der wichtigste Punkt und aber auch das wichtigste Risiko, dass du daraus ein riesiges Projekt machst, das einfach sequenziell geplant ist und nie fertig wird.",Implementierung,"Überambitionierte Transformation/
Big Bang Ansatz",,,,,,,,,,,,
30,Head of Community,IT Services,EDM / EDC Anbieter,"Implementierung -> Das ist so der eine Ansatz, ich mache Geschäftsprozesse vor oder mache ich so einen Big Bang und sage, alle Daten, die es im Unternehmen gibt, die will ich da drin haben. Das wird wahrscheinlich nicht klappen, aber da musst du halt irgendwie so einen smarten Weg finden und da gibt es, glaube ich, nicht den allerbesten, weil das ist blödere Arbeit und Monkey Work macht keiner gern, also dokumentieren die meisten Leute eher weniger als mehr und müssen dazu gezwungen werden und da musst du auch smart überlegen, dass du nicht zu viele Ressourcen verbrennst und irgendwann ja auch der Nutzen gar nicht mehr so hoch ist.",Implementierung,"Überambitionierte Transformation/
Big Bang Ansatz","Fehlendes Verständnis bzgl. 
Nutzen und Möglichketen",,,,,,,,,,,
30,Head of Community,IT Services,EDM / EDC Anbieter,"Implementierung -> Ja, wie immer, User Training sind es die Menschen, also am Ende mache ich ja Change Management, stell den Tool hin und ob die da Bock drauf haben, das zu nutzen, entscheiden die und ob sie da irgendwie offen für sind und also wirklich User Training, User Akzeptanz ist aus meiner Sicht so der typische Erfolgsfaktor für solche Themen.",Implementierung,Kulturelle Herausforderung,,,,,,,,,,,,
30,Head of Community,IT Services,EDM / EDC Anbieter,"Implementierung -> Und das andere eben Masse an Daten, also wirklich dieses habe ich Ressourcen verfügbar, dass ich irgendwie eine kritische Masse an Daten da drin habe, weil wenn ich einmal in den Datenkatalog gehe und drei Abfragen mache und alle Daten, die ich eigentlich abfragen wollte, nicht gefunden habe, dann gehe ich kein zweites Mal zurück. Das heißt, ich muss, das ist ja so ein Plattformgedanke, ich muss mindestens so eine minimal kritische Masse an Informationen finden, sonst macht mir das Tool keinen Spaß, bringt mir keinen Mehrwert und dann ist es für mich nicht nutzbar, habe ich einmal, vielleicht zweimal probiert und dann lasse ich es.",Implementierung,"Überambitionierte Transformation/
Big Bang Ansatz",,,,,,,,,,,,
30,Head of Community,IT Services,EDM / EDC Anbieter,"Implementierung -> Also das Wichtigste ist, also es ist ja ein Dokumentationstool und Risiko Nummer eins ist bei allen Dokumentationen, dass du die Daten ab und zu erhalten musst. Also alles, was da drinsteht, muss gepflegt werden. Das heißt, ich muss einen gewissen Anteil an Ressourcen bereithalten, dass diese Pflege der Dokumentation sichergestellt wird, sonst hast du irgendwie einmal das dokumentiert und dann hast du den Snapshot von vor, weiß ich nicht, einem Jahr, aber im Jahr dreht sich die Welt.",Implementierung,/,,,,,,,,,,,,
30,Head of Community,IT Services,EDM / EDC Anbieter,Implementierung -> Speziell Collibra bedarf einer hohen up front investition,Implementierung,Fehleinschätzung von Kosten,,,,,,,,,,,,
30,Head of Community,IT Services,EDM / EDC Anbieter,"Nicht -> Ich sehe diese Cost of Doing Nothing insbesondere in allen Analytics-bezogenen Bereichen. In Zeiten von AI will jeder Vorstand sagen, unser Unternehmen macht KI und ist da führend dabei. Cost of Doing Nothing heißt für mich, dass du eigentlich nicht AI-ready bist und damit dann im Prinzip alles, was in den nächsten Jahren kommen wird, verschärfen wirst. Das kannst du nicht ökonomisch in Franken irgendwie ausdrücken. Aber für mich ist das eine Kern, also wie gesagt, ist da wieder Enabling. Enabling heißt nicht, dass du dann von heute auf morgen, dass irgendwas stillsteht. Enabling heißt aber auch, dass du nicht in der Lage bist, irgendwie weitere Sachen zu tun.",Missing Out,Cost of doing nothing ist realistisch,Risiko vom Wettbwerb verdrängt zu werden,,,,,,,,,,,
29,Geschäftsleitung,Collibra,EDM / EDC Anbieter,"Evtl. Implementierung -> A chief data officer who gets challenged on value and they say, well, it's hard for me to quantify. They are not suited for the job because yes, quantifying in hard numbers the value from data is not always that straightforward, but it is no excuse. I mean, if you're a chief marketing officer, you need to prove quantifiably the investments in marketing.
If you're a chief financial officer, you need to prove quantifiably the value of your work. And same thing with a chief revenue officer and any C-level function. So if the CDO cops out by saying it's hard, they are not cut out to be an executive.",Implementierung,Fehlendes Know-How,,,,,,,,,,,,
26,Data Executive,Finanzdienstleistungen,Externe Firma,"Nicht -> it is going to cost you so much that it will threaten the existence of the company. And I'll tell you what, maybe the company may survive for some time because it had some residual growth and some residual momentum. But eventually, that is not going to take you too far because you got to because there is so much competition from your other organizations, right? Because maybe you had a head start, so you didn't have much. But with the technology, the cloud, Gen AI, the barrier to entry has really gone down. So what that means is there are new players that will jump into it. They are agile and nimble and they can change fast and they may overtake you, making you redundant and insignificant. And eventually your organization may die. So this is very important to have these things in place and move forward.",Missing Out,Cost of doing nothing ist realistisch,Risiko vom Wettbwerb verdrängt zu werden,,,,,,,,,,,
26,Data Executive,Finanzdienstleistungen,Externe Firma,"Nicht -> your entire existence is depending on it. And again, people will say, you know what, I'm not impacted. I don't see it, but it's just a matter of time. It can be a year or it can be five years before there is somebody who is being more effective and having a better product than you because they are able to manage their assets better.",Missing Out,Risiko vom Wettbwerb verdrängt zu werden,,,,,,,,,,,,
26,Data Executive,Finanzdienstleistungen,Externe Firma,"Implementierung -> Yeah, so, you know, a lot of times mostly human beings are resistant to change. But just last month, I saw this line from somebody on the internet. He said, people are not resistant to change. They are resistant to being changed to different things. So you have to really show the greater value. And, you know, this other term, what is in it for me? So everyone from the most junior level role to all the way to the senior executive, the C-suite, they have the question like, why should I do it? What is in it for me? So we had the same thing here. Like, hey, something is working fine because 98% of the time, people don't see the big picture, what they are missing. They only are able to see what is in front of them. So you have to actually try to showcase that and show the value.",Implementierung,Kulturelle Herausforderung,"Fehlendes Verständnis bzgl. 
Nutzen und Möglichketen",,,,,,,,,,,
3,Experte,Collibra,EDM / EDC Anbieter,"Implementierung -> And then understand how to achieve those use cases and what data is needed. And then, you know, start working that way rather than saying, oh, let's get a catalog and get everything into that or whatever it is, which is usually how people fail, right? Because I have, I've had conversations with very large, for example, defense organizations where they have these 500 databases.",Implementierung,Kulturelle Herausforderung,"Fehlendes Verständnis bzgl. 
Nutzen und Möglichketen",,,,,,,,,,,
3,Experte,Collibra,EDM / EDC Anbieter,Implementierung -> It's not about anything. It's about executive level support,Implementierung,Kulturelle Herausforderung,,,,,,,,,,,,
3,Experte,Collibra,EDM / EDC Anbieter,"Nicht -> And the consequence is not immediately obvious. Right. Things start to fail after, it will take time to fail, but when they do, it will be catastrophic.",Missing Out,Cost of doing nothing ist realistisch,Risiko vom Wettbwerb verdrängt zu werden,,,,,,,,,,,
3,Experte,Collibra,EDM / EDC Anbieter,"Nicht -> Right. But until that happens, it's not going to, you know, so one of the things, not doing it is that depending on, obviously dependent on the sector, fines, large fines could happen. Right. We have a customer who came to us just because they got fined and they had to implement a data program. They got fined and some people died. Because they mishandled some codes. Right. So it could be a simply reputational damage or large fines.",Missing Out,Höhere Kosten,Regulatorisch bedingte Aufwände,,,,,,,,,,,
3,Experte,Collibra,EDM / EDC Anbieter,"Nicht -> The other one could be simply that you cannot compete with companies that are now coming up with faster, quicker turnaround times. Because if you don't know where your data is, if you don't understand what it means, and if you can't trust it, you can't do quick things compared to other companies who are in that program, understand what something means.",Missing Out,Inkonsistente Daten,,,,,,,,,,,,
11,Experte,Collibra,EDM / EDC Anbieter,"Implementierung -> negative Vorerfahrungen -> Das Erste, das wurde über die letzten 30 Jahre, wurde wahnsinnig viel Geld verbrannt in diesem Bereich, bevor es überhaupt Datenkataloge als Thema gab, da gab es dann irgendwie die Phase der Enterprise-Data-Modelling und so weiter, und es wurde halt rauf und runter modelliert, und eigentlich waren das immer bürokratische Wasserköpfe, Elfenbeinschirme, die wenig Businessmehrwert gezeigt haben, das hatte aber auch natürlich damit zu tun, dass es die Tools nicht gab, und vor allem, dass die Organisationen nicht reif waren, das muss man klar sagen, das heißt also, gerade im Management, jeder sagt, alles ist super, dass Daten wichtig sind und so weiter, aber dann, wenn es in die konkrete Umsetzung geht, gibt es aus der Historie heraus halt immer wieder viele Zweifel.",Implementierung,Kulturelle Herausforderung,"Fehlendes Verständnis bzgl. 
Nutzen und Möglichketen",,,,,,,,,,,
11,Experte,Collibra,EDM / EDC Anbieter,"Implementierung -> Das zweite ist, häufig fangen halt einfach Unternehmen an, in irgendeiner Ecke da irgendwie dann so Datenkataloge einzuführen, sehr irgendwie Grassroot-Movement von unten heraus, ohne dass es eigentlich eine Unternehmens- oder zumindest divisionsübergreifende Strategie gibt, wo man hin will, und dann bleibt das halt im Silo, und der Power kommt ja erst, wenn ich wirklich in der Breite meine Daten im Katalog habe und das alles miteinander vernetze, irgendwie auch einheitliche regulären Standards habe, wie ich damit umgehe, was ich damit mache.",Implementierung,"Überambitionierte Transformation/
Big Bang Ansatz",,,,,,,,,,,,
1,Chief Data Officer,Globaler Brauereikonzern,Collibra Success Story,"Implementierung -> And so we knew the cost of running those processes, and we knew that the enterprise data model together with the re-architecturing of everything else, so that, you know, so shall we say the enterprise data model will account for, shall we say, 10% of the benefits of re-engineering those processes in this way, in this new architecture. So it's a bit like a car, right? A car works with a set of components. If you take a component out, you don't have a car. So the business model was done for the car to say, okay, then in order to do the car, this is one, you know, so you need to have a steering wheel, you need to have an engine, you need to have all these things, and this is part of what gives you the whole thing. So that's how it was built. And I think that's the right way, because in itself, it doesn't do anything. So it depends on the overall architecture, on the overall strategy that you have on applications and process automation. So by itself, it doesn't do anything. So you need to have all these other things coming together, which becomes an important part and indispensable part. But if you don't have the rest, it by itself doesn't do anything, if that makes sense.",Implementierung,"Überambitionierte Transformation/
Big Bang Ansatz",Fehlende Basis,,,,,,,,,,,
1,Chief Data Officer,Globaler Brauereikonzern,Collibra Success Story,"Nicht -> It depends on how everything is kind of connected together. So that's for the enterprise data model. For the catalogs, my point of view is that, as some of my colleagues are saying, if you think that having governance is expensive, try not to have one.
I think it's more about when you have a mess, if you just do a data dump, so you have your data cloud, you just put everything there. No one knows what's in there. Try that. And you see how much time data scientists are wasting, how much time is wasted on deciding. So then you create a complete mess that almost like paralyzes your operations. And it's almost like the cost of not doing that is very high. The cost of doing that is kind of discrete because you need to invest in a tool and you need to invest in the processes to keep the house in order. But it's a bit about, just imagine that we will never collect rubbish, right? And everyone dumps rubbish where they want. Well, it's certainly, you don't have the cost of the rubbish collectors and the trucks, they clearly don't have that cost. It's also their life. So I think it's a bit in the same. So you create more costs by not having those things, if that makes sense.",Missing Out,Cost of doing nothing ist realistisch,Inkonsistente Daten,,,,,,,,,,,
1,Chief Data Officer,Globaler Brauereikonzern,Collibra Success Story,"Nicht -> Jeder speichert die Daten einfach, werden vielfach dubliziert, hohe Cloud kosten, Data Scientists finden Daten nicht",Missing Out,Höhere Kosten,,,,,,,,,,,,
1,Chief Data Officer,Globaler Brauereikonzern,Collibra Success Story,Nicht -> falsche Behandlung von Daten -> Strafen wie Bussen oder Gefängnis ,Missing Out,Höhere Kosten,Regulatorisch bedingte Aufwände,,,,,,,,,,,
1,Chief Data Officer,Globaler Brauereikonzern,Collibra Success Story,"Implementierung -> Yeah, absolutely. And the reason is, because we're thinking that technology can solve everything. You know, we need to start with processes. You know, what we're describing here is the process of governance in a process of discipline. That means that I have discipline about the data that I put in, my data lake, I understand which data I put in. I can put it, to start with, you can even put in Excel, that's okay. But you show some discipline in what you're doing, in some way of being in control of what you're doing. That cannot be replaced by a tool. So, and that's always what happens. So, you might have the best tool, and Collibra is really good, you can have perfect, you can, you know, you name it. But if you don't have the discipline and the processes in the organization, that money is definitely wasted.",Implementierung,Kulturelle Herausforderung,"Fehlendes Verständnis bzgl. 
Nutzen und Möglichketen",,,,,,,,,,,
1,Chief Data Officer,Globaler Brauereikonzern,Collibra Success Story,"Implementierung -> For me, it's also the point that we go back to the analogy of cars moving to roads. So doing these things is akin to building infrastructure. You build roads, you build motorways. And not necessarily everyone agrees or wants them, whatever, it doesn't matter, but you decide and you do it. So I think that's a bit the role, in my view, of the central team. Like it or not, that's what we're going to do.
And that's what you have to do. At some point, these things need to be a bit pushed. Otherwise, by consent, that will never happen.
Because we all know that depending on how long the road is, there is always a part of the road that someone has got something else to do. They don't want the road in their place, but fine, doesn't matter, the road needs to come here. And so that's a bit the approach that I took.
It seems a bit harsh, but when you have 80 operating companies, you simply can't have everyone agreeing to that. That's it. That's what we need to do. Also, because we are regulated by European law. So at some point, we need to show that we have some discipline in place. Indeed, very difficult, but you also need to accept that not everyone is going to be in agreement. But that's why you need to have the mandate.",Implementierung,Kulturelle Herausforderung,,,,,,,,,,,,
1,Chief Data Officer,Globaler Brauereikonzern,Collibra Success Story,Implementierung -> Gegenwind von Belegschaft,Implementierung,Kulturelle Herausforderung,,,,,,,,,,,,
1,Chief Data Officer,Globaler Brauereikonzern,Collibra Success Story,"Nicht -> So cost of doing nothing would be a five on the scale we mentioned before? Yeah, because I've seen, it's interesting because I've seen a lot of those kind of very promising companies that they haven't really spent the time in this kind of things. And then it gets to a point in which they get the first round, the second round is good, it's a proper concept, brilliant, amazing. But then when, yeah, they are successful.
Okay. At some point, they kind of set more customers and everything breaks down. Then the investment that you need at that point is so high, they don't manage to get so much money that they need. And so essentially, they kind of, that's it, end of the story. I've seen it many times. And that's for small companies trying to get big. Large company, well, really difficult. So the only way that you can survive is that you can, you continue to put more bodies at it. Yeah, so you would have these centers in local locations, and you move from 100, 1000, then you have all these people doing excels and stuff like that. But you know, I think you also you get a point, you can't do that any longer. But you can still, you know, throw bodies at it. And yeah, that's the only way of surviving if you don't have that neat infrastructure in place.",Missing Out,Höhere Kosten,Risiko vom Wettbwerb verdrängt zu werden,,,,,,,,,,,
10,Data Executive,Versicherungsfirma,Collibra Success Story,"Implementierung -> Yeah. So this doesn't work without the support and alignment from the top management. Yes.
So it really requires setting up the data board. And that data board really requires a C-suite office so that they can actually have their departments basically follow the process, right? So at the highest level, we need like a data board or some kind of a governing committee
that oversees the data management aspect of it, right? And they need to be first sold as to why we are doing it. And the reason I was explaining was that you want to ensure that your key decision makers have the ability to do that without worrying about the quality of the data,
whether their decisions are solid or not, right?",Implementierung,Kulturelle Herausforderung,,,,,,,,,,,,
10,Data Executive,Versicherungsfirma,Collibra Success Story,"Implementierung -> Yeah, I think the risks are real because people still don't see the value that this brings and
they're thinking this is somebody else's job. So I think that the real risk is that not having the, I guess, the stakeholders really see the value. Because if they don't see the value, they're notgoing to participate. So the risk of failure is basically directly, I guess, depends on the ability to sort of align the users and the leadership to see the value. And if that doesn't happen, it's not going to see the day. So really the involvement is really key for success.",Implementierung,Kulturelle Herausforderung,"Fehlendes Verständnis bzgl. 
Nutzen und Möglichketen",,,,,,,,,,,